"fishing_method","zip_code","max_distance","perc_zipcode"
"Boot",10115,300.6632696,0.00134566862910008
"Boot",10117,222.3646602,0.000168208578637511
"Boot",10119,219.0699734,0.000168208578637511
"Boot",10243,222.1126677,0.000336417157275021
"Boot",10247,217.0719866,0.000841042893187553
"Boot",10249,215.4969452,0.000336417157275021
"Boot",10319,226.800744,0.000168208578637511
"Boot",10369,198.4387863,0.000168208578637511
"Boot",10439,224.7039637,0.000504625735912532
"Boot",10553,208.1106654,0.000168208578637511
"Boot",10555,209.3942898,0.000336417157275021
"Boot",10585,253.6628362,0.000168208578637511
"Boot",10589,227.7135758,0.000168208578637511
"Boot",10625,212.4575675,0.000168208578637511
"Boot",10627,229.8681179,0.000336417157275021
"Boot",10711,224.1848397,0.000336417157275021
"Boot",10715,213.0334864,0.000168208578637511
"Boot",10783,212.7567703,0.000168208578637511
"Boot",10827,226.0494676,0.000336417157275021
"Boot",10997,230.3721996,0.000168208578637511
"Boot",12049,213.0293721,0.000168208578637511
"Boot",12109,263.5584702,0.000336417157275021
"Boot",12165,235.659826,0.000504625735912532
"Boot",12305,241.0542142,0.000168208578637511
"Boot",12557,238.2708808,0.000168208578637511
"Boot",13088,223.8202941,0.000168208578637511
"Boot",13407,222.5319309,0.000168208578637511
"Boot",13593,201.2333097,0.000168208578637511
"Boot",14109,213.6416078,0.000168208578637511
"Boot",14167,217.3974144,0.000168208578637511
"Boot",14169,210.8791183,0.000336417157275021
"Boot",14197,213.4007928,0.000336417157275021
"Boot",14467,200.7837171,0.000336417157275021
"Boot",14469,240.1375112,0.000504625735912532
"Boot",14476,219.2031593,0.000336417157275021
"Boot",14478,238.4044631,0.000504625735912532
"Boot",14480,217.900594,0.00100925147182506
"Boot",14532,222.892365,0.000504625735912532
"Boot",14542,229.9521157,0.000336417157275021
"Boot",14547,254.3524821,0.000168208578637511
"Boot",14548,244.5601117,0.000168208578637511
"Boot",14550,193.7124107,0.000672834314550042
"Boot",14641,202.4555093,0.00134566862910008
"Boot",14727,238.0580941,0.000168208578637511
"Boot",14770,227.9014104,0.000504625735912532
"Boot",14774,251.0555698,0.000841042893187553
"Boot",14797,214.0256974,0.000336417157275021
"Boot",14929,279.7017658,0.000168208578637511
"Boot",15236,257.6204009,0.000168208578637511
"Boot",15299,270.8691344,0.000168208578637511
"Boot",15326,246.4702232,0.000168208578637511
"Boot",15345,224.480367,0.000168208578637511
"Boot",15517,244.9153784,0.000841042893187553
"Boot",15711,262.575078,0.00100925147182506
"Boot",15848,270.6868529,0.000336417157275021
"Boot",15890,284.8253528,0.000841042893187553
"Boot",15936,275.6655841,0.000336417157275021
"Boot",16306,175.3379846,0.000672834314550042
"Boot",16356,216.5633741,0.000168208578637511
"Boot",16515,197.8676755,0.000168208578637511
"Boot",16540,205.4040015,0.000168208578637511
"Boot",16727,202.9043019,0.000168208578637511
"Boot",16798,124.6954943,0.000504625735912532
"Boot",16833,204.6446921,0.000168208578637511
"Boot",16866,192.3988489,0.000168208578637511
"Boot",16928,125.8028247,0.000672834314550042
"Boot",16949,101.2113075,0.000336417157275021
"Boot",17033,118.405915,0.000841042893187553
"Boot",17034,111.7496289,0.000168208578637511
"Boot",17036,114.7578965,0.000504625735912532
"Boot",17087,98.95427009,0.000336417157275021
"Boot",17091,107.6956205,0.000168208578637511
"Boot",17094,121.2452873,0.000168208578637511
"Boot",17109,87.16415937,0.000504625735912532
"Boot",17111,84.69335429,0.000168208578637511
"Boot",17129,77.40855339,0.000168208578637511
"Boot",17139,92.1871104,0.000336417157275021
"Boot",17159,55.39993614,0.000168208578637511
"Boot",17166,51.03078503,0.000336417157275021
"Boot",17179,43.95694912,0.000168208578637511
"Boot",17268,159.1137708,0.000168208578637511
"Boot",17291,143.303905,0.000168208578637511
"Boot",17335,112.2385318,0.000504625735912532
"Boot",17367,113.8088237,0.000168208578637511
"Boot",17390,74.60025145,0.000168208578637511
"Boot",17398,90.49713942,0.000168208578637511
"Boot",17440,66.17289571,0.000168208578637511
"Boot",17489,54.20677782,0.00201850294365013
"Boot",17491,74.56178196,0.000336417157275021
"Boot",17493,50.1430246,0.000168208578637511
"Boot",17498,49.67548683,0.000841042893187553
"Boot",17506,59.74569543,0.000336417157275021
"Boot",18055,100.500023,0.00100925147182506
"Boot",18057,2.830706451,0.000504625735912532
"Boot",18059,108.422607,0.000841042893187553
"Boot",18069,86.08044577,0.000168208578637511
"Boot",18107,6.340350972,0.000504625735912532
"Boot",18109,102.7642759,0.000504625735912532
"Boot",18119,81.32162069,0.00117746005046257
"Boot",18147,33.13399046,0.000841042893187553
"Boot",18181,1.403689163,0.000504625735912532
"Boot",18182,26.46354797,0.000168208578637511
"Boot",18184,92.26970017,0.000336417157275021
"Boot",18196,27.75833398,0.000168208578637511
"Boot",18198,25.92383541,0.000168208578637511
"Boot",18209,115.4520996,0.00353238015138772
"Boot",18211,11.55769891,0.00201850294365013
"Boot",18225,1.868833724,0.000336417157275021
"Boot",18230,5.748416223,0.000336417157275021
"Boot",18233,112.2430927,0.000168208578637511
"Boot",18236,14.53036802,0.000672834314550042
"Boot",18239,99.77408434,0.000504625735912532
"Boot",18246,34.14785071,0.000672834314550042
"Boot",18258,114.8507813,0.000672834314550042
"Boot",18273,119.7650321,0.00470984020185029
"Boot",18276,52.35202133,0.000841042893187553
"Boot",18279,64.59441366,0.000336417157275021
"Boot",18292,68.26268298,0.00100925147182506
"Boot",18299,26.85768813,0.000672834314550042
"Boot",18311,76.67821008,0.000672834314550042
"Boot",18314,59.0553488,0.000672834314550042
"Boot",18320,34.04958301,0.000168208578637511
"Boot",18334,54.40229601,0.000672834314550042
"Boot",18337,78.67025642,0.000504625735912532
"Boot",18347,8.293246295,0.000336417157275021
"Boot",18435,37.53938358,0.00117746005046257
"Boot",18437,40.57578062,0.00151387720773759
"Boot",18442,28.92059298,0.000336417157275021
"Boot",18445,6.945963682,0.000336417157275021
"Boot",18461,59.39367625,0.000672834314550042
"Boot",18469,54.20864239,0.000672834314550042
"Boot",18507,59.64369583,0.000168208578637511
"Boot",18510,51.32281698,0.000168208578637511
"Boot",18516,59.88883399,0.000168208578637511
"Boot",18519,49.5957939,0.000336417157275021
"Boot",18528,26.33562681,0.00168208578637511
"Boot",18546,29.20113978,0.000336417157275021
"Boot",18551,24.93418471,0.00117746005046257
"Boot",18556,4.883013117,0.000336417157275021
"Boot",18569,6.202885644,0.000672834314550042
"Boot",18573,27.82974289,0.000841042893187553
"Boot",18574,25.71679361,0.000168208578637511
"Boot",18581,29.65961196,0.000504625735912532
"Boot",18586,38.04522784,0.00100925147182506
"Boot",18609,18.93054583,0.000168208578637511
"Boot",19053,171.2799064,0.000168208578637511
"Boot",19055,56.12381764,0.000336417157275021
"Boot",19057,58.52228821,0.000504625735912532
"Boot",19059,59.25775038,0.000336417157275021
"Boot",19061,172.7193822,0.000336417157275021
"Boot",19063,64.20494157,0.000504625735912532
"Boot",19065,145.8628562,0.000168208578637511
"Boot",19089,63.93803633,0.000336417157275021
"Boot",19230,195.3403943,0.000672834314550042
"Boot",19243,195.4443517,0.000168208578637511
"Boot",19288,96.84869578,0.00100925147182506
"Boot",19348,114.8640329,0.000336417157275021
"Boot",19370,80.78956349,0.000168208578637511
"Boot",19374,69.32860276,0.000336417157275021
"Boot",19395,85.00673204,0.000504625735912532
"Boot",19399,74.80759322,0.000672834314550042
"Boot",19406,53.06439449,0.000336417157275021
"Boot",19412,47.39816628,0.000336417157275021
"Boot",19417,62.70501286,0.000336417157275021
"Boot",20095,124.4147023,0.000841042893187553
"Boot",20097,128.3352145,0.000336417157275021
"Boot",20144,79.830095,0.000336417157275021
"Boot",20148,232.6995093,0.000168208578637511
"Boot",20251,121.9007948,0.000672834314550042
"Boot",20253,95.73779055,0.000841042893187553
"Boot",20257,115.5817869,0.000672834314550042
"Boot",20357,105.8675153,0.000336417157275021
"Boot",20535,112.6703039,0.000168208578637511
"Boot",20539,80.8364322,0.000168208578637511
"Boot",21029,97.20936967,0.000672834314550042
"Boot",21031,244.9972552,0.00185029436501262
"Boot",21033,246.9850146,0.000504625735912532
"Boot",21037,251.3181403,0.000841042893187553
"Boot",21039,123.7936833,0.000841042893187553
"Boot",21073,124.8855435,0.000672834314550042
"Boot",21075,91.13185562,0.000168208578637511
"Boot",21077,127.6619942,0.000504625735912532
"Boot",21109,119.6562724,0.000168208578637511
"Boot",21147,92.82066649,0.000504625735912532
"Boot",21149,129.1619956,0.000336417157275021
"Boot",21218,131.2973312,0.000168208578637511
"Boot",21227,101.092963,0.000336417157275021
"Boot",21244,150.6369725,0.000504625735912532
"Boot",21335,245.0011751,0.00117746005046257
"Boot",21337,139.4671027,0.000168208578637511
"Boot",21395,112.0180142,0.000672834314550042
"Boot",21407,145.3310707,0.000336417157275021
"Boot",21423,252.0422963,0.000841042893187553
"Boot",21436,118.5802292,0.000336417157275021
"Boot",21465,116.1955508,0.00117746005046257
"Boot",21481,213.8553952,0.000672834314550042
"Boot",21502,112.5274698,0.000504625735912532
"Boot",21509,108.318381,0.000336417157275021
"Boot",21614,101.8730571,0.000504625735912532
"Boot",21629,272.3012065,0.000168208578637511
"Boot",21641,262.637401,0.000168208578637511
"Boot",22041,75.30418221,0.000336417157275021
"Boot",22043,74.6976183,0.000168208578637511
"Boot",22045,107.4496488,0.000504625735912532
"Boot",22047,108.4179837,0.000504625735912532
"Boot",22049,118.650814,0.000336417157275021
"Boot",22081,76.69979073,0.000336417157275021
"Boot",22085,252.0049569,0.000841042893187553
"Boot",22113,121.4779294,0.000336417157275021
"Boot",22115,111.5885827,0.000336417157275021
"Boot",22117,110.3398967,0.000336417157275021
"Boot",22119,127.389031,0.000504625735912532
"Boot",22143,112.7843107,0.000168208578637511
"Boot",22145,238.2266687,0.00134566862910008
"Boot",22147,113.6184747,0.00100925147182506
"Boot",22149,70.45728952,0.000168208578637511
"Boot",22159,95.69701652,0.000336417157275021
"Boot",22297,75.37917859,0.000336417157275021
"Boot",22305,75.31791723,0.000336417157275021
"Boot",22309,73.16785133,0.000168208578637511
"Boot",22337,72.45383022,0.000336417157275021
"Boot",22359,239.0974756,0.000168208578637511
"Boot",22393,101.4537668,0.000168208578637511
"Boot",22415,248.7566808,0.000841042893187553
"Boot",22417,103.8775801,0.000168208578637511
"Boot",22453,120.0906634,0.000336417157275021
"Boot",22457,89.8831611,0.000841042893187553
"Boot",22525,116.2403883,0.00100925147182506
"Boot",22527,255.7188114,0.000336417157275021
"Boot",22549,84.68698954,0.000336417157275021
"Boot",22559,266.3194822,0.000504625735912532
"Boot",22587,123.0257443,0.000168208578637511
"Boot",22589,121.0215959,0.000336417157275021
"Boot",22609,130.295728,0.000504625735912532
"Boot",22761,97.13269333,0.000336417157275021
"Boot",22844,71.07747901,0.000168208578637511
"Boot",22851,66.96482702,0.000168208578637511
"Boot",22885,105.1733865,0.000504625735912532
"Boot",22926,234.1064676,0.00151387720773759
"Boot",22941,98.89581014,0.000168208578637511
"Boot",22949,95.03497611,0.000336417157275021
"Boot",22955,93.23173837,0.000504625735912532
"Boot",22962,233.0998774,0.000168208578637511
"Boot",22965,74.43780241,0.000168208578637511
"Boot",23560,68.20580847,0.000841042893187553
"Boot",23562,198.0258903,0.000168208578637511
"Boot",23564,89.38418172,0.000336417157275021
"Boot",23569,53.45486551,0.000504625735912532
"Boot",23611,55.00730051,0.00117746005046257
"Boot",23628,203.5588137,0.000336417157275021
"Boot",23669,7.189714064,0.000168208578637511
"Boot",23701,10.80408719,0.000504625735912532
"Boot",23714,38.07600784,0.000841042893187553
"Boot",23715,57.81627551,0.000168208578637511
"Boot",23717,74.32876335,0.000168208578637511
"Boot",23730,3.449522889,0.00100925147182506
"Boot",23738,20.41164688,0.000336417157275021
"Boot",23743,13.55753773,0.000336417157275021
"Boot",23758,26.2334972,0.00117746005046257
"Boot",23769,7.011816587,0.00185029436501262
"Boot",23774,7.658569127,0.000504625735912532
"Boot",23775,1.139645127,0.00168208578637511
"Boot",23777,9.815333978,0.000504625735912532
"Boot",23779,5.685950232,0.00100925147182506
"Boot",23795,69.46561129,0.000168208578637511
"Boot",23823,26.31667724,0.000336417157275021
"Boot",23843,220.585955,0.00100925147182506
"Boot",23845,80.20967414,0.000336417157275021
"Boot",23858,190.872984,0.000336417157275021
"Boot",23879,52.94453438,0.000168208578637511
"Boot",23909,84.18428294,0.000672834314550042
"Boot",23923,166.4441297,0.000168208578637511
"Boot",23936,99.80144094,0.00134566862910008
"Boot",23942,154.9454279,0.000336417157275021
"Boot",23946,140.8634175,0.000841042893187553
"Boot",23966,159.8313873,0.000672834314550042
"Boot",23968,14.51318321,0.000336417157275021
"Boot",23972,144.1096224,0.000504625735912532
"Boot",23996,26.38885293,0.000336417157275021
"Boot",24103,24.67564786,0.00151387720773759
"Boot",24105,10.4965378,0.000504625735912532
"Boot",24107,14.04346476,0.00100925147182506
"Boot",24109,42.52468876,0.00168208578637511
"Boot",24113,221.9956757,0.000168208578637511
"Boot",24114,24.47705083,0.000672834314550042
"Boot",24118,9.346788093,0.000336417157275021
"Boot",24119,221.3281989,0.000168208578637511
"Boot",24143,5.665472242,0.000336417157275021
"Boot",24145,9.443697569,0.000168208578637511
"Boot",24148,4.198658678,0.000168208578637511
"Boot",24149,7.706265685,0.00100925147182506
"Boot",24159,3.855164745,0.000841042893187553
"Boot",24211,23.55665611,0.00134566862910008
"Boot",24214,18.95956307,0.000168208578637511
"Boot",24226,2.743195889,0.000504625735912532
"Boot",24232,7.048945556,0.000336417157275021
"Boot",24238,18.70225641,0.000336417157275021
"Boot",24244,8.45487848,0.000336417157275021
"Boot",24248,1.25762527,0.000168208578637511
"Boot",24253,7.261243897,0.000168208578637511
"Boot",24306,27.1642653,0.00100925147182506
"Boot",24340,1.142703079,0.00134566862910008
"Boot",24354,22.98834187,0.000336417157275021
"Boot",24376,10.82062202,0.00117746005046257
"Boot",24392,15.66198208,0.000168208578637511
"Boot",24398,6.417456479,0.000168208578637511
"Boot",24558,100.371419,0.000841042893187553
"Boot",24568,103.8061779,0.000336417157275021
"Boot",24601,30.98111524,0.000672834314550042
"Boot",24631,28.12180024,0.000168208578637511
"Boot",24640,238.8755391,0.000168208578637511
"Boot",24787,42.41559691,0.000168208578637511
"Boot",24837,35.87252044,0.00100925147182506
"Boot",24850,25.07742578,0.000336417157275021
"Boot",24852,266.0800663,0.000168208578637511
"Boot",24857,249.1619214,0.000336417157275021
"Boot",24860,22.82287743,0.000336417157275021
"Boot",24863,265.9312477,0.000168208578637511
"Boot",24937,38.76844316,0.000672834314550042
"Boot",24972,18.42696064,0.000168208578637511
"Boot",24975,30.08898862,0.000336417157275021
"Boot",24977,2.805837717,0.000336417157275021
"Boot",24986,15.27232978,0.000336417157275021
"Boot",24989,4.64278977,0.000168208578637511
"Boot",24994,260.1320736,0.000168208578637511
"Boot",25337,93.18308387,0.000504625735912532
"Boot",25358,87.4381335,0.000168208578637511
"Boot",25421,261.5857544,0.000672834314550042
"Boot",25436,266.6189673,0.000168208578637511
"Boot",25451,250.9152557,0.000168208578637511
"Boot",25469,259.9505106,0.000504625735912532
"Boot",25474,253.3681793,0.000168208578637511
"Boot",25491,109.6938622,0.000168208578637511
"Boot",25495,111.9850026,0.000168208578637511
"Boot",25499,77.5123993,0.000336417157275021
"Boot",25524,91.93080209,0.00117746005046257
"Boot",25548,101.1263786,0.000336417157275021
"Boot",25554,96.94833933,0.000336417157275021
"Boot",25693,99.22156046,0.000168208578637511
"Boot",25709,144.6648416,0.000336417157275021
"Boot",25718,148.1033103,0.000504625735912532
"Boot",25746,82.24922346,0.000504625735912532
"Boot",25813,67.17398639,0.000336417157275021
"Boot",25876,66.27105427,0.000168208578637511
"Boot",25884,259.1936107,0.000168208578637511
"Boot",25917,288.388963,0.000168208578637511
"Boot",26125,197.8592661,0.000336417157275021
"Boot",26135,232.2744882,0.000336417157275021
"Boot",26345,382.2307078,0.000168208578637511
"Boot",27211,238.5506286,0.000504625735912532
"Boot",27356,188.6318324,0.000168208578637511
"Boot",27412,190.7837853,0.000168208578637511
"Boot",27432,172.6202437,0.000504625735912532
"Boot",27472,116.144845,0.000168208578637511
"Boot",27568,159.9430688,0.000672834314550042
"Boot",27711,340.6649752,0.000168208578637511
"Boot",27753,362.181064,0.000168208578637511
"Boot",27801,258.2706816,0.000336417157275021
"Boot",28195,213.2918785,0.000504625735912532
"Boot",28201,350.3794036,0.000168208578637511
"Boot",28209,347.6837027,0.000168208578637511
"Boot",28215,206.5064549,0.000168208578637511
"Boot",28237,213.9164403,0.000336417157275021
"Boot",28239,350.0444289,0.000168208578637511
"Boot",28309,172.6297736,0.000504625735912532
"Boot",28777,212.6613826,0.000168208578637511
"Boot",28816,358.4924603,0.000168208578637511
"Boot",28832,201.9243252,0.000336417157275021
"Boot",29221,307.8282192,0.000504625735912532
"Boot",29223,211.8596423,0.000504625735912532
"Boot",29225,173.9031204,0.000168208578637511
"Boot",29227,308.2652628,0.000168208578637511
"Boot",29303,190.3508848,0.000336417157275021
"Boot",29356,221.4809793,0.000336417157275021
"Boot",29365,279.7255792,0.000168208578637511
"Boot",29410,244.0421756,0.000168208578637511
"Boot",29439,157.5222503,0.000504625735912532
"Boot",29451,122.2663629,0.000336417157275021
"Boot",29525,261.5689793,0.000504625735912532
"Boot",29633,282.257312,0.000168208578637511
"Boot",29640,290.0127345,0.00117746005046257
"Boot",29664,159.5991375,0.000336417157275021
"Boot",29690,329.6106388,0.000504625735912532
"Boot",30161,231.74645,0.000168208578637511
"Boot",30167,232.1780428,0.000336417157275021
"Boot",30457,245.2013318,0.000336417157275021
"Boot",30827,240.6232362,0.000504625735912532
"Boot",30855,238.6340798,0.000168208578637511
"Boot",30926,355.1036221,0.000168208578637511
"Boot",30952,256.4139464,0.000336417157275021
"Boot",31275,240.0378615,0.000336417157275021
"Boot",31303,188.5076315,0.000672834314550042
"Boot",31319,247.6631574,0.000504625735912532
"Boot",31515,207.5761746,0.000168208578637511
"Boot",31535,347.6562809,0.000841042893187553
"Boot",31613,194.2903227,0.000168208578637511
"Boot",31622,218.8625169,0.000336417157275021
"Boot",31840,238.5007428,0.000168208578637511
"Boot",31860,284.1265995,0.000168208578637511
"Boot",32051,424.2622549,0.000168208578637511
"Boot",32052,423.3295907,0.000336417157275021
"Boot",32120,295.8329802,0.000336417157275021
"Boot",32361,286.7036762,0.000336417157275021
"Boot",32423,276.4329474,0.000336417157275021
"Boot",32791,298.659087,0.000336417157275021
"Boot",38100,204.7786598,0.000336417157275021
"Boot",38104,319.5373349,0.000168208578637511
"Boot",38108,299.8816271,0.000168208578637511
"Boot",38118,324.2338854,0.000336417157275021
"Boot",38120,326.6993425,0.000168208578637511
"Boot",38124,310.2431053,0.000168208578637511
"Boot",38126,306.7777764,0.000168208578637511
"Boot",38170,308.4476599,0.000168208578637511
"Boot",38173,211.3508514,0.000336417157275021
"Boot",38179,233.3713108,0.000336417157275021
"Boot",38259,268.1558968,0.000336417157275021
"Boot",38300,245.6939736,0.000336417157275021
"Boot",38350,307.53725,0.000168208578637511
"Boot",38368,302.6025928,0.000168208578637511
"Boot",38381,310.4324023,0.000168208578637511
"Boot",38385,256.0358486,0.000168208578637511
"Boot",38527,311.0916966,0.000504625735912532
"Boot",38553,220.1787472,0.000336417157275021
"Boot",38700,258.2412091,0.000336417157275021
"Boot",38704,273.890989,0.000168208578637511
"Boot",38820,255.3811044,0.00134566862910008
"Boot",38899,306.381288,0.000168208578637511
"Boot",39106,223.447603,0.000841042893187553
"Boot",39110,225.73052,0.000168208578637511
"Boot",39245,286.4327263,0.000336417157275021
"Boot",39249,296.1757238,0.000168208578637511
"Boot",39326,268.3457171,0.000336417157275021
"Boot",39387,319.8370131,0.000336417157275021
"Boot",39596,161.5774369,0.000504625735912532
"Boot",39629,167.0565883,0.000336417157275021
"Boot",39646,286.4249382,0.000168208578637511
"Boot",49074,317.6021324,0.000504625735912532
"Boot",49124,279.1139362,0.000504625735912532
"Boot",49152,304.5523552,0.000336417157275021
"Boot",49377,225.9205377,0.000504625735912532
"Boot",49393,277.6380855,0.000672834314550042
"Boot",49413,259.959225,0.000336417157275021
"Boot",49439,240.0961164,0.000504625735912532
"Boot",49477,333.0820339,0.000672834314550042
"Boot",49545,330.0945035,0.000336417157275021
"Boot",49624,409.0008814,0.000168208578637511
"Boot",49716,438.4675358,0.000168208578637511
"Boot",49762,300.2657686,0.000168208578637511
"Kutter",10115,319.0041155,0.00201850294365013
"Kutter",10117,201.6234138,0.000672834314550042
"Kutter",10119,255.977335,0.000336417157275021
"Kutter",10178,197.4303395,0.000168208578637511
"Kutter",10179,265.8186594,0.00117746005046257
"Kutter",10243,204.2007082,0.000672834314550042
"Kutter",10245,302.2746931,0.000336417157275021
"Kutter",10247,199.6190493,0.000841042893187553
"Kutter",10249,198.1456395,0.000168208578637511
"Kutter",10315,201.8991357,0.000504625735912532
"Kutter",10317,202.2524894,0.000504625735912532
"Kutter",10318,269.9276919,0.000336417157275021
"Kutter",10319,225.0147112,0.000168208578637511
"Kutter",10365,200.183899,0.000841042893187553
"Kutter",10407,331.4043011,0.000336417157275021
"Kutter",10409,256.1674844,0.00151387720773759
"Kutter",10435,255.5852476,0.000168208578637511
"Kutter",10439,217.2497881,0.000336417157275021
"Kutter",10553,193.9814951,0.000504625735912532
"Kutter",10587,195.2093091,0.000336417157275021
"Kutter",10589,252.5969979,0.000336417157275021
"Kutter",10625,259.0148207,0.000336417157275021
"Kutter",10627,294.1733521,0.000336417157275021
"Kutter",10711,196.5117051,0.000168208578637511
"Kutter",10715,199.0595321,0.000504625735912532
"Kutter",10719,197.3321601,0.000168208578637511
"Kutter",10779,198.3320157,0.000504625735912532
"Kutter",10783,223.6722171,0.000336417157275021
"Kutter",10785,197.4536903,0.000336417157275021
"Kutter",10823,199.2363142,0.000168208578637511
"Kutter",10827,199.7463738,0.000168208578637511
"Kutter",10829,266.7097523,0.000336417157275021
"Kutter",10965,224.7609938,0.000168208578637511
"Kutter",10967,223.9582793,0.000672834314550042
"Kutter",10969,222.8286203,0.000336417157275021
"Kutter",10997,264.5356804,0.000504625735912532
"Kutter",12047,224.0097049,0.000336417157275021
"Kutter",12053,202.4115129,0.000168208578637511
"Kutter",12055,203.4268496,0.000336417157275021
"Kutter",12103,323.7829222,0.000168208578637511
"Kutter",12109,267.985894,0.000841042893187553
"Kutter",12157,201.3092924,0.000168208578637511
"Kutter",12161,226.8003422,0.000168208578637511
"Kutter",12163,259.1268981,0.000336417157275021
"Kutter",12167,229.1439228,0.000336417157275021
"Kutter",12203,299.7319414,0.000336417157275021
"Kutter",12209,205.7110032,0.000168208578637511
"Kutter",12247,266.5206924,0.000336417157275021
"Kutter",12249,271.2876864,0.000168208578637511
"Kutter",12277,305.4112267,0.000504625735912532
"Kutter",12279,206.978513,0.000168208578637511
"Kutter",12305,208.902578,0.000168208578637511
"Kutter",12307,273.24812,0.000504625735912532
"Kutter",12349,306.3766734,0.000841042893187553
"Kutter",12435,202.5641912,0.000168208578637511
"Kutter",12439,207.7371515,0.000504625735912532
"Kutter",12487,208.3900976,0.000168208578637511
"Kutter",12489,232.171758,0.000672834314550042
"Kutter",12524,276.6609875,0.000841042893187553
"Kutter",12526,219.4882994,0.000672834314550042
"Kutter",12555,221.9796406,0.000841042893187553
"Kutter",12587,230.4134337,0.000841042893187553
"Kutter",12589,318.3110562,0.000672834314550042
"Kutter",12621,204.8202117,0.000336417157275021
"Kutter",12623,332.7141288,0.000672834314550042
"Kutter",12627,330.0073124,0.00100925147182506
"Kutter",12629,201.1161608,0.000168208578637511
"Kutter",12679,212.5440386,0.000504625735912532
"Kutter",12683,224.3581005,0.000672834314550042
"Kutter",12689,264.5131125,0.00100925147182506
"Kutter",13051,194.5095577,0.000336417157275021
"Kutter",13053,263.1763159,0.000336417157275021
"Kutter",13057,196.5550203,0.000336417157275021
"Kutter",13059,195.0666173,0.000168208578637511
"Kutter",13088,255.8266155,0.000841042893187553
"Kutter",13125,188.925486,0.000672834314550042
"Kutter",13127,210.2326212,0.00100925147182506
"Kutter",13129,257.5593165,0.000504625735912532
"Kutter",13156,255.8798176,0.00117746005046257
"Kutter",13158,254.2171039,0.00100925147182506
"Kutter",13187,192.6307929,0.000168208578637511
"Kutter",13189,193.6008368,0.000672834314550042
"Kutter",13347,257.4919158,0.000504625735912532
"Kutter",13355,259.0250251,0.000336417157275021
"Kutter",13357,253.2558864,0.000168208578637511
"Kutter",13403,322.4099118,0.000168208578637511
"Kutter",13405,217.175547,0.000336417157275021
"Kutter",13407,250.0653768,0.000504625735912532
"Kutter",13409,255.9415948,0.000168208578637511
"Kutter",13435,247.0441858,0.000168208578637511
"Kutter",13439,252.8039066,0.000168208578637511
"Kutter",13465,246.2148359,0.000672834314550042
"Kutter",13503,247.0183007,0.000168208578637511
"Kutter",13509,246.5805305,0.000168208578637511
"Kutter",13583,308.3534946,0.00185029436501262
"Kutter",13585,286.4276409,0.000504625735912532
"Kutter",13589,217.3537085,0.000168208578637511
"Kutter",13591,307.004109,0.000168208578637511
"Kutter",13597,253.3200726,0.000672834314550042
"Kutter",13599,310.5152017,0.000504625735912532
"Kutter",13627,314.3353702,0.000168208578637511
"Kutter",14050,221.5244504,0.000841042893187553
"Kutter",14057,326.6258289,0.000504625735912532
"Kutter",14059,256.9396561,0.000336417157275021
"Kutter",14089,290.4522865,0.000168208578637511
"Kutter",14109,264.5434482,0.000504625735912532
"Kutter",14129,231.3195487,0.000168208578637511
"Kutter",14163,262.5481017,0.000168208578637511
"Kutter",14165,233.0787304,0.000504625735912532
"Kutter",14167,322.5505101,0.000504625735912532
"Kutter",14169,201.1756799,0.000336417157275021
"Kutter",14193,316.0889091,0.000504625735912532
"Kutter",14197,265.474527,0.000168208578637511
"Kutter",14199,264.4692337,0.000841042893187553
"Kutter",14467,236.2520579,0.00100925147182506
"Kutter",14469,259.5812156,0.00218671152228764
"Kutter",14471,201.2477368,0.000168208578637511
"Kutter",14473,240.1467187,0.00117746005046257
"Kutter",14476,306.2432107,0.000504625735912532
"Kutter",14478,239.8216061,0.000841042893187553
"Kutter",14480,238.8103346,0.00117746005046257
"Kutter",14482,202.6409659,0.000336417157275021
"Kutter",14513,236.6549164,0.0031959629941127
"Kutter",14532,239.7674147,0.000672834314550042
"Kutter",14542,286.0017747,0.00134566862910008
"Kutter",14547,256.7003797,0.00201850294365013
"Kutter",14548,247.2482958,0.000336417157275021
"Kutter",14550,237.7883502,0.000504625735912532
"Kutter",14552,270.3051843,0.000168208578637511
"Kutter",14554,269.3124433,0.000504625735912532
"Kutter",14557,209.2246624,0.000168208578637511
"Kutter",14558,207.6254187,0.000168208578637511
"Kutter",14612,301.3957534,0.00269133725820017
"Kutter",14621,211.5892479,0.00100925147182506
"Kutter",14624,282.5055227,0.000336417157275021
"Kutter",14641,231.4471415,0.00420521446593776
"Kutter",14656,216.1819183,0.000336417157275021
"Kutter",14662,207.7074794,0.00100925147182506
"Kutter",14669,186.9982893,0.000841042893187553
"Kutter",14712,217.7638667,0.00100925147182506
"Kutter",14715,218.1078583,0.00100925147182506
"Kutter",14727,226.1428489,0.000168208578637511
"Kutter",14770,244.2578057,0.00151387720773759
"Kutter",14772,241.5763622,0.00168208578637511
"Kutter",14774,246.6179947,0.00134566862910008
"Kutter",14776,245.8830742,0.00168208578637511
"Kutter",14778,243.4286914,0.00201850294365013
"Kutter",14798,230.1000466,0.000672834314550042
"Kutter",14913,247.5355708,0.000672834314550042
"Kutter",14943,232.6481195,0.000168208578637511
"Kutter",14959,255.2845001,0.000336417157275021
"Kutter",14974,217.6369573,0.00117746005046257
"Kutter",15230,256.9749203,0.000504625735912532
"Kutter",15234,255.2609046,0.00117746005046257
"Kutter",15236,316.5464294,0.000504625735912532
"Kutter",15295,410.0410793,0.00100925147182506
"Kutter",15299,260.9973491,0.000672834314550042
"Kutter",15306,236.3176519,0.00100925147182506
"Kutter",15344,281.2437973,0.000672834314550042
"Kutter",15345,272.9855747,0.000336417157275021
"Kutter",15366,310.2961322,0.00117746005046257
"Kutter",15370,224.6063022,0.000336417157275021
"Kutter",15374,230.4595961,0.00117746005046257
"Kutter",15377,287.6151767,0.000504625735912532
"Kutter",15517,372.7053378,0.00252312867956266
"Kutter",15518,298.2815105,0.000168208578637511
"Kutter",15526,255.3145678,0.000672834314550042
"Kutter",15537,324.3347179,0.00117746005046257
"Kutter",15562,230.5046888,0.000841042893187553
"Kutter",15566,228.746045,0.000168208578637511
"Kutter",15569,282.8505281,0.000336417157275021
"Kutter",15711,227.4494877,0.000168208578637511
"Kutter",15712,294.5579913,0.000168208578637511
"Kutter",15713,227.4494877,0.000168208578637511
"Kutter",15732,218.0696453,0.000168208578637511
"Kutter",15738,221.1876829,0.000504625735912532
"Kutter",15745,245.568019,0.000504625735912532
"Kutter",15749,225.7541134,0.000168208578637511
"Kutter",15755,242.0215854,0.000168208578637511
"Kutter",15757,307.7420571,0.000504625735912532
"Kutter",15827,217.4075008,0.000336417157275021
"Kutter",15834,247.5779029,0.000504625735912532
"Kutter",15838,297.9779186,0.000504625735912532
"Kutter",15848,270.6868529,0.000168208578637511
"Kutter",15868,288.7548105,0.000168208578637511
"Kutter",15890,272.7338246,0.000336417157275021
"Kutter",15907,328.8072154,0.000168208578637511
"Kutter",15910,319.0153465,0.000168208578637511
"Kutter",16225,190.1547458,0.00100925147182506
"Kutter",16227,189.790004,0.000672834314550042
"Kutter",16230,190.3236735,0.000168208578637511
"Kutter",16244,187.332561,0.00134566862910008
"Kutter",16248,181.6341504,0.00100925147182506
"Kutter",16259,202.9751727,0.00353238015138772
"Kutter",16269,271.2032594,0.00100925147182506
"Kutter",16278,173.1696206,0.00302775441547519
"Kutter",16303,173.46626,0.000841042893187553
"Kutter",16306,165.315245,0.00100925147182506
"Kutter",16307,157.5202092,0.000336417157275021
"Kutter",16321,187.1014013,0.000336417157275021
"Kutter",16341,201.6497615,0.00134566862910008
"Kutter",16348,230.9145064,0.000841042893187553
"Kutter",16356,196.2713399,0.000672834314550042
"Kutter",16515,231.2153029,0.00285954583683768
"Kutter",16540,205.4750694,0.000336417157275021
"Kutter",16547,201.1540448,0.000336417157275021
"Kutter",16556,199.5153346,0.000168208578637511
"Kutter",16559,184.8041498,0.000504625735912532
"Kutter",16562,178.8298938,0.000168208578637511
"Kutter",16727,204.17989,0.00151387720773759
"Kutter",16761,209.5301028,0.000168208578637511
"Kutter",16775,168.008057,0.00151387720773759
"Kutter",16792,151.031878,0.000336417157275021
"Kutter",16798,139.1631388,0.000504625735912532
"Kutter",16816,186.0851887,0.000672834314550042
"Kutter",16818,182.2382285,0.000336417157275021
"Kutter",16831,123.5312302,0.000504625735912532
"Kutter",16833,199.561842,0.00117746005046257
"Kutter",16835,206.4785362,0.000672834314550042
"Kutter",16909,166.90318,0.00117746005046257
"Kutter",16928,179.5274588,0.00201850294365013
"Kutter",16945,92.70439351,0.000168208578637511
"Kutter",16949,172.6161573,0.00218671152228764
"Kutter",17033,110.992278,0.00252312867956266
"Kutter",17034,105.5246738,0.00134566862910008
"Kutter",17036,108.3415105,0.00151387720773759
"Kutter",17039,100.9701621,0.00134566862910008
"Kutter",17087,91.17296453,0.00168208578637511
"Kutter",17089,85.24914199,0.000672834314550042
"Kutter",17091,99.72742039,0.00151387720773759
"Kutter",17094,114.5975699,0.000504625735912532
"Kutter",17098,91.28629285,0.000168208578637511
"Kutter",17099,109.0979343,0.000504625735912532
"Kutter",17109,66.85199995,0.00353238015138772
"Kutter",17111,194.0355565,0.00201850294365013
"Kutter",17121,71.6580077,0.00218671152228764
"Kutter",17129,72.19887649,0.000168208578637511
"Kutter",17139,103.8171306,0.000504625735912532
"Kutter",17153,102.6630741,0.000336417157275021
"Kutter",17159,82.70730563,0.000672834314550042
"Kutter",17166,124.8671467,0.000841042893187553
"Kutter",17192,151.1307859,0.00269133725820017
"Kutter",17194,64.82198527,0.000672834314550042
"Kutter",17207,89.01445181,0.000168208578637511
"Kutter",17209,148.8184166,0.000336417157275021
"Kutter",17213,138.5629055,0.000168208578637511
"Kutter",17214,66.83932823,0.000168208578637511
"Kutter",17217,115.894164,0.00168208578637511
"Kutter",17219,117.4579555,0.000504625735912532
"Kutter",17235,134.2803229,0.00269133725820017
"Kutter",17237,126.251952,0.000336417157275021
"Kutter",17252,144.9466556,0.000168208578637511
"Kutter",17255,146.4355873,0.000168208578637511
"Kutter",17258,132.6538305,0.000336417157275021
"Kutter",17268,146.2089604,0.000336417157275021
"Kutter",17291,147.3416107,0.00269133725820017
"Kutter",17309,120.909753,0.000504625735912532
"Kutter",17321,131.511329,0.000336417157275021
"Kutter",17322,136.3584765,0.000168208578637511
"Kutter",17329,136.8226612,0.000168208578637511
"Kutter",17335,109.7535293,0.000168208578637511
"Kutter",17348,122.5024725,0.00201850294365013
"Kutter",17349,110.6651225,0.000504625735912532
"Kutter",17373,104.1051305,0.000672834314550042
"Kutter",17379,100.8960779,0.00100925147182506
"Kutter",17389,149.485838,0.000504625735912532
"Kutter",17390,65.66804599,0.000841042893187553
"Kutter",17391,74.21634786,0.000336417157275021
"Kutter",17438,63.79145598,0.000336417157275021
"Kutter",17489,84.33136942,0.00168208578637511
"Kutter",17491,131.9381152,0.000841042893187553
"Kutter",17493,89.18634359,0.000504625735912532
"Kutter",17495,63.14421516,0.000504625735912532
"Kutter",17498,82.54740342,0.000336417157275021
"Kutter",17506,59.74569543,0.000672834314550042
"Kutter",17509,55.2797229,0.00151387720773759
"Kutter",18055,6.006951249,0.00117746005046257
"Kutter",18057,83.49967484,0.00185029436501262
"Kutter",18059,113.0001496,0.00100925147182506
"Kutter",18069,3.143615723,0.00117746005046257
"Kutter",18106,2.68233884,0.000672834314550042
"Kutter",18107,6.340350972,0.000336417157275021
"Kutter",18109,5.164328503,0.000504625735912532
"Kutter",18119,108.1050107,0.00151387720773759
"Kutter",18146,10.01082469,0.00134566862910008
"Kutter",18147,3.053851757,0.000336417157275021
"Kutter",18182,14.44842247,0.000336417157275021
"Kutter",18184,13.05958888,0.000168208578637511
"Kutter",18190,19.83247518,0.000336417157275021
"Kutter",18195,90.2075254,0.00168208578637511
"Kutter",18196,14.31884646,0.000336417157275021
"Kutter",18198,6.924422204,0.000504625735912532
"Kutter",18209,13.43763443,0.00117746005046257
"Kutter",18211,10.56998925,0.000672834314550042
"Kutter",18236,20.75871221,0.000168208578637511
"Kutter",18239,17.09396618,0.000168208578637511
"Kutter",18246,28.32823529,0.00117746005046257
"Kutter",18273,51.97488791,0.00740117746005046
"Kutter",18276,144.8834614,0.00706476030277544
"Kutter",18279,86.23267657,0.000168208578637511
"Kutter",18292,52.24317095,0.000841042893187553
"Kutter",18299,102.0740659,0.000672834314550042
"Kutter",18311,26.75610446,0.000168208578637511
"Kutter",18314,64.96532484,0.000672834314550042
"Kutter",18317,74.49358769,0.000168208578637511
"Kutter",18334,75.92322347,0.000336417157275021
"Kutter",18337,58.91779339,0.000168208578637511
"Kutter",18356,47.55758484,0.000168208578637511
"Kutter",18374,57.06347057,0.00134566862910008
"Kutter",18375,45.3219542,0.000336417157275021
"Kutter",18435,185.4543256,0.00185029436501262
"Kutter",18437,24.57123825,0.00134566862910008
"Kutter",18439,41.13221765,0.00100925147182506
"Kutter",18442,28.92059298,0.000672834314550042
"Kutter",18445,43.67173789,0.000672834314550042
"Kutter",18461,50.4906783,0.000168208578637511
"Kutter",18465,39.09211232,0.000336417157275021
"Kutter",18469,58.41358648,0.00117746005046257
"Kutter",18507,106.9190636,0.00100925147182506
"Kutter",18510,37.40434429,0.000672834314550042
"Kutter",18519,36.17561796,0.000168208578637511
"Kutter",18528,94.83193659,0.00285954583683768
"Kutter",18546,2.686130927,0.000336417157275021
"Kutter",18556,24.26715522,0.000841042893187553
"Kutter",18569,23.92784883,0.00134566862910008
"Kutter",18573,29.2621317,0.00201850294365013
"Kutter",18574,30.54538184,0.000168208578637511
"Kutter",18581,26.50319985,0.000168208578637511
"Kutter",18586,38.04522784,0.000336417157275021
"Kutter",19053,174.8389551,0.00100925147182506
"Kutter",19055,138.0981265,0.00134566862910008
"Kutter",19057,70.63325534,0.000672834314550042
"Kutter",19059,174.9948815,0.000672834314550042
"Kutter",19061,176.1304301,0.000672834314550042
"Kutter",19063,175.4544918,0.00252312867956266
"Kutter",19067,163.0984435,0.000504625735912532
"Kutter",19069,169.3287573,0.000168208578637511
"Kutter",19073,184.6771978,0.000336417157275021
"Kutter",19075,183.7206748,0.000168208578637511
"Kutter",19077,110.7110864,0.000504625735912532
"Kutter",19079,154.5070641,0.000672834314550042
"Kutter",19086,73.02833986,0.000841042893187553
"Kutter",19089,163.1540852,0.000672834314550042
"Kutter",19205,79.41888556,0.000336417157275021
"Kutter",19217,68.64220784,0.00302775441547519
"Kutter",19230,111.9145322,0.00134566862910008
"Kutter",19243,199.2254526,0.00151387720773759
"Kutter",19246,51.71711924,0.00100925147182506
"Kutter",19258,112.6539443,0.000504625735912532
"Kutter",19260,63.35105257,0.000672834314550042
"Kutter",19273,119.6061457,0.000504625735912532
"Kutter",19288,96.84869578,0.0031959629941127
"Kutter",19294,205.2669988,0.000504625735912532
"Kutter",19300,191.9291874,0.00100925147182506
"Kutter",19306,57.08874063,0.000336417157275021
"Kutter",19322,162.9840995,0.000168208578637511
"Kutter",19348,164.1050331,0.0031959629941127
"Kutter",19357,164.6439714,0.000336417157275021
"Kutter",19370,58.82508046,0.00134566862910008
"Kutter",19376,169.2233905,0.000504625735912532
"Kutter",19386,120.9260733,0.000504625735912532
"Kutter",19395,128.3745233,0.000168208578637511
"Kutter",19406,49.09742139,0.000336417157275021
"Kutter",19412,51.26533485,0.000841042893187553
"Kutter",20095,127.8415564,0.00134566862910008
"Kutter",20097,258.8367247,0.000168208578637511
"Kutter",20099,94.91811844,0.000504625735912532
"Kutter",20144,123.5193998,0.000504625735912532
"Kutter",20149,92.87756105,0.000168208578637511
"Kutter",20249,108.817696,0.000336417157275021
"Kutter",20251,123.3111322,0.000504625735912532
"Kutter",20257,111.8079136,0.000336417157275021
"Kutter",20354,102.9845723,0.000336417157275021
"Kutter",20357,104.1220523,0.000168208578637511
"Kutter",20457,129.914772,0.000168208578637511
"Kutter",20535,94.45639978,0.000672834314550042
"Kutter",20537,256.9766553,0.000504625735912532
"Kutter",21029,136.058479,0.000841042893187553
"Kutter",21031,120.8773847,0.00201850294365013
"Kutter",21033,122.2158565,0.000841042893187553
"Kutter",21035,123.9315694,0.00185029436501262
"Kutter",21037,128.2767633,0.00134566862910008
"Kutter",21039,123.7936833,0.000841042893187553
"Kutter",21073,138.3241525,0.00134566862910008
"Kutter",21077,108.9503768,0.000168208578637511
"Kutter",21079,120.6168453,0.000504625735912532
"Kutter",21107,117.3612512,0.000504625735912532
"Kutter",21109,126.6888515,0.000841042893187553
"Kutter",21129,120.4322737,0.000504625735912532
"Kutter",21147,123.6839376,0.000672834314550042
"Kutter",21149,115.3012682,0.00151387720773759
"Kutter",21217,122.0566728,0.000841042893187553
"Kutter",21218,128.1582136,0.000504625735912532
"Kutter",21224,130.2520128,0.000168208578637511
"Kutter",21244,127.5156407,0.000672834314550042
"Kutter",21255,159.4511544,0.000504625735912532
"Kutter",21271,151.8577231,0.000168208578637511
"Kutter",21335,143.8978914,0.00252312867956266
"Kutter",21337,141.9776,0.00117746005046257
"Kutter",21339,139.1519526,0.000336417157275021
"Kutter",21354,128.987378,0.000336417157275021
"Kutter",21365,125.726169,0.000168208578637511
"Kutter",21380,126.3188134,0.000336417157275021
"Kutter",21395,126.3179873,0.00134566862910008
"Kutter",21398,132.4866853,0.000168208578637511
"Kutter",21406,150.3000646,0.000504625735912532
"Kutter",21407,147.3988948,0.000336417157275021
"Kutter",21409,139.7267653,0.000504625735912532
"Kutter",21423,125.7336837,0.00151387720773759
"Kutter",21435,113.9089991,0.000336417157275021
"Kutter",21441,132.7487538,0.000504625735912532
"Kutter",21445,131.5535636,0.000168208578637511
"Kutter",21465,116.1955508,0.00117746005046257
"Kutter",21481,150.0534916,0.000504625735912532
"Kutter",21483,108.9080517,0.000504625735912532
"Kutter",21493,106.7225419,0.000504625735912532
"Kutter",21502,120.7577683,0.000504625735912532
"Kutter",21509,105.4311138,0.00117746005046257
"Kutter",21514,107.5956137,0.000672834314550042
"Kutter",21516,107.7083851,0.000168208578637511
"Kutter",21522,125.3337526,0.000336417157275021
"Kutter",21614,255.9710794,0.00168208578637511
"Kutter",21629,130.6152147,0.000168208578637511
"Kutter",21635,139.3530576,0.00185029436501262
"Kutter",21649,141.036524,0.000336417157275021
"Kutter",21680,145.8653688,0.000336417157275021
"Kutter",21684,131.0211085,0.000672834314550042
"Kutter",21723,126.6660604,0.000168208578637511
"Kutter",22041,106.7440594,0.000336417157275021
"Kutter",22043,118.6527837,0.000504625735912532
"Kutter",22045,116.4440979,0.000672834314550042
"Kutter",22047,99.12191108,0.000672834314550042
"Kutter",22049,106.0980779,0.000504625735912532
"Kutter",22081,147.2654662,0.000672834314550042
"Kutter",22083,120.7912541,0.000672834314550042
"Kutter",22085,89.90741269,0.000168208578637511
"Kutter",22087,94.32361707,0.000336417157275021
"Kutter",22089,93.52544209,0.000672834314550042
"Kutter",22111,109.0974653,0.00201850294365013
"Kutter",22113,121.4779294,0.00117746005046257
"Kutter",22115,97.13942699,0.000168208578637511
"Kutter",22119,119.7084735,0.00134566862910008
"Kutter",22143,112.7843107,0.00235492010092515
"Kutter",22145,110.1889555,0.00117746005046257
"Kutter",22147,113.6184747,0.000336417157275021
"Kutter",22149,114.4472265,0.00134566862910008
"Kutter",22159,114.1847485,0.000841042893187553
"Kutter",22175,86.69449949,0.000336417157275021
"Kutter",22177,116.7021998,0.000336417157275021
"Kutter",22179,97.13513935,0.000336417157275021
"Kutter",22297,119.0256272,0.000168208578637511
"Kutter",22299,97.53545333,0.000504625735912532
"Kutter",22303,87.68626068,0.000504625735912532
"Kutter",22305,106.5012097,0.000672834314550042
"Kutter",22307,105.8207128,0.000841042893187553
"Kutter",22335,83.75266253,0.000168208578637511
"Kutter",22337,103.3367301,0.000168208578637511
"Kutter",22339,92.54379252,0.000504625735912532
"Kutter",22359,96.36395389,0.000168208578637511
"Kutter",22391,223.9891362,0.000168208578637511
"Kutter",22393,97.90045135,0.000504625735912532
"Kutter",22395,96.45112904,0.000841042893187553
"Kutter",22397,106.1312096,0.00117746005046257
"Kutter",22399,111.7733384,0.000336417157275021
"Kutter",22415,116.0417333,0.000336417157275021
"Kutter",22417,113.0978206,0.000841042893187553
"Kutter",22419,79.62773839,0.000168208578637511
"Kutter",22453,120.0906634,0.000336417157275021
"Kutter",22455,92.07710057,0.000504625735912532
"Kutter",22457,107.6886166,0.000504625735912532
"Kutter",22523,110.4237808,0.000672834314550042
"Kutter",22525,112.3654983,0.00117746005046257
"Kutter",22527,110.3315508,0.000336417157275021
"Kutter",22529,109.5439693,0.000504625735912532
"Kutter",22547,125.7507044,0.000504625735912532
"Kutter",22549,114.6677137,0.000672834314550042
"Kutter",22559,97.96153933,0.000504625735912532
"Kutter",22587,127.3829019,0.000841042893187553
"Kutter",22609,117.1259334,0.000504625735912532
"Kutter",22761,126.8506571,0.000336417157275021
"Kutter",22763,96.58380295,0.000168208578637511
"Kutter",22765,92.69423165,0.000168208578637511
"Kutter",22767,128.0231903,0.000504625735912532
"Kutter",22844,109.8968722,0.00168208578637511
"Kutter",22846,79.19004705,0.000504625735912532
"Kutter",22848,102.8543363,0.00100925147182506
"Kutter",22850,113.1375035,0.00100925147182506
"Kutter",22869,122.8335097,0.00168208578637511
"Kutter",22880,134.6860297,0.00168208578637511
"Kutter",22885,126.0363161,0.000841042893187553
"Kutter",22889,105.0162113,0.000504625735912532
"Kutter",22926,104.5976335,0.000672834314550042
"Kutter",22927,91.12172493,0.000168208578637511
"Kutter",22941,98.89581014,0.00117746005046257
"Kutter",22946,88.98464997,0.000336417157275021
"Kutter",22952,101.3881475,0.000336417157275021
"Kutter",22962,105.9517596,0.000336417157275021
"Kutter",22964,94.86852724,0.000168208578637511
"Kutter",23552,59.48664437,0.000672834314550042
"Kutter",23554,95.74685913,0.00235492010092515
"Kutter",23556,71.65840454,0.00285954583683768
"Kutter",23558,71.6824321,0.00185029436501262
"Kutter",23560,76.62484163,0.00252312867956266
"Kutter",23562,73.24311072,0.000504625735912532
"Kutter",23564,70.33750829,0.000504625735912532
"Kutter",23566,46.16716927,0.000168208578637511
"Kutter",23568,91.45200725,0.00100925147182506
"Kutter",23569,52.06195313,0.000672834314550042
"Kutter",23570,55.4408554,0.000672834314550042
"Kutter",23611,63.55833442,0.00134566862910008
"Kutter",23617,66.26915927,0.00100925147182506
"Kutter",23619,61.66647001,0.000504625735912532
"Kutter",23623,50.05579449,0.000841042893187553
"Kutter",23626,48.29300292,0.000168208578637511
"Kutter",23628,69.92227326,0.000336417157275021
"Kutter",23669,45.32650934,0.000336417157275021
"Kutter",23683,53.67661067,0.000841042893187553
"Kutter",23684,43.07977853,0.000336417157275021
"Kutter",23701,41.20169015,0.00100925147182506
"Kutter",23714,32.20980675,0.000168208578637511
"Kutter",23717,40.16361113,0.000336417157275021
"Kutter",23730,40.99276495,0.00218671152228764
"Kutter",23738,17.66159031,0.000168208578637511
"Kutter",23743,30.91401976,0.000168208578637511
"Kutter",23744,41.55525432,0.000336417157275021
"Kutter",23758,11.89563816,0.000504625735912532
"Kutter",23769,14.62701998,0.00555088309503785
"Kutter",23774,50.02427728,0.0111017661900757
"Kutter",23775,5.481817085,0.000336417157275021
"Kutter",23779,5.940051376,0.000168208578637511
"Kutter",23795,78.81486382,0.0048780487804878
"Kutter",23812,73.52938122,0.000336417157275021
"Kutter",23813,40.3497915,0.000336417157275021
"Kutter",23815,55.62492624,0.000168208578637511
"Kutter",23816,73.96014074,0.000336417157275021
"Kutter",23820,56.32914325,0.000336417157275021
"Kutter",23823,51.58308758,0.000168208578637511
"Kutter",23826,53.04662274,0.000168208578637511
"Kutter",23843,87.41392596,0.00100925147182506
"Kutter",23845,89.48054546,0.000841042893187553
"Kutter",23847,87.70140176,0.000672834314550042
"Kutter",23858,80.16554997,0.000672834314550042
"Kutter",23863,85.58827819,0.000336417157275021
"Kutter",23879,85.36128083,0.000336417157275021
"Kutter",23881,86.50709549,0.000672834314550042
"Kutter",23899,92.42975795,0.000168208578637511
"Kutter",23909,75.48098305,0.00100925147182506
"Kutter",23923,84.44978139,0.000504625735912532
"Kutter",23936,86.63057051,0.000336417157275021
"Kutter",23942,73.96800017,0.000841042893187553
"Kutter",23968,5.422421029,0.000504625735912532
"Kutter",23972,103.7411667,0.000841042893187553
"Kutter",23996,11.8155232,0.000336417157275021
"Kutter",24103,70.34588275,0.000841042893187553
"Kutter",24105,8.565740858,0.00117746005046257
"Kutter",24106,21.46694533,0.00151387720773759
"Kutter",24107,76.81630644,0.00100925147182506
"Kutter",24109,21.29737649,0.00168208578637511
"Kutter",24111,23.05006387,0.000841042893187553
"Kutter",24113,74.07551252,0.00100925147182506
"Kutter",24114,43.33534991,0.00168208578637511
"Kutter",24116,199.4581117,0.000672834314550042
"Kutter",24118,9.346788093,0.000504625735912532
"Kutter",24143,26.51983984,0.000504625735912532
"Kutter",24145,29.03804622,0.000336417157275021
"Kutter",24146,30.0802312,0.000504625735912532
"Kutter",24147,29.6587228,0.000841042893187553
"Kutter",24148,27.37774852,0.00151387720773759
"Kutter",24149,27.1054337,0.000672834314550042
"Kutter",24159,21.96673222,0.00151387720773759
"Kutter",24161,6.49138298,0.000504625735912532
"Kutter",24211,55.00543774,0.000841042893187553
"Kutter",24214,33.74295257,0.000168208578637511
"Kutter",24217,11.34792704,0.00168208578637511
"Kutter",24220,20.56475026,0.000504625735912532
"Kutter",24223,34.0026138,0.000672834314550042
"Kutter",24226,1.399714166,0.000504625735912532
"Kutter",24229,10.56763788,0.000168208578637511
"Kutter",24232,32.19007696,0.00235492010092515
"Kutter",24235,5.325832241,0.000672834314550042
"Kutter",24238,37.7263525,0.000168208578637511
"Kutter",24239,20.39052159,0.000168208578637511
"Kutter",24244,15.98439951,0.000336417157275021
"Kutter",24245,21.18043117,0.000168208578637511
"Kutter",24251,11.75340368,0.000168208578637511
"Kutter",24253,6.405682729,0.00100925147182506
"Kutter",24256,37.38635033,0.000336417157275021
"Kutter",24306,72.35561062,0.00218671152228764
"Kutter",24321,24.31132226,0.000504625735912532
"Kutter",24329,51.46840573,0.000672834314550042
"Kutter",24340,29.14547502,0.00218671152228764
"Kutter",24354,8.106087031,0.000336417157275021
"Kutter",24361,8.923517692,0.000168208578637511
"Kutter",24364,26.52486283,0.000336417157275021
"Kutter",24376,24.03894802,0.00235492010092515
"Kutter",24392,15.66198208,0.000168208578637511
"Kutter",24398,18.89705713,0.000168208578637511
"Kutter",24401,22.08582313,0.000336417157275021
"Kutter",24402,13.36185967,0.000168208578637511
"Kutter",24404,1.135129232,0.000672834314550042
"Kutter",24407,11.17735317,0.000336417157275021
"Kutter",24534,69.55478641,0.000168208578637511
"Kutter",24536,40.9998855,0.000168208578637511
"Kutter",24537,68.29615422,0.000672834314550042
"Kutter",24539,72.66475403,0.000504625735912532
"Kutter",24558,104.3955421,0.00185029436501262
"Kutter",24568,70.00523435,0.00185029436501262
"Kutter",24576,103.2036367,0.00656013456686291
"Kutter",24582,27.78425611,0.000336417157275021
"Kutter",24589,33.38138247,0.000336417157275021
"Kutter",24594,48.68381327,0.000504625735912532
"Kutter",24601,45.35102379,0.000168208578637511
"Kutter",24616,51.62865929,0.000504625735912532
"Kutter",24619,37.47100555,0.000504625735912532
"Kutter",24620,37.78562881,0.000168208578637511
"Kutter",24625,63.3401495,0.000168208578637511
"Kutter",24634,48.50463654,0.000168208578637511
"Kutter",24637,32.512657,0.000168208578637511
"Kutter",24640,64.25433822,0.000168208578637511
"Kutter",24641,62.13185609,0.000841042893187553
"Kutter",24643,57.17494321,0.000168208578637511
"Kutter",24647,39.17205905,0.000841042893187553
"Kutter",24768,50.02404747,0.00168208578637511
"Kutter",24783,35.79599395,0.000504625735912532
"Kutter",24784,52.94951315,0.000336417157275021
"Kutter",24787,105.7972468,0.00134566862910008
"Kutter",24791,37.60777494,0.000672834314550042
"Kutter",24796,42.16092272,0.000504625735912532
"Kutter",24800,45.20716742,0.000336417157275021
"Kutter",24802,52.22935064,0.000336417157275021
"Kutter",24808,57.06292742,0.000336417157275021
"Kutter",24811,39.42623086,0.000841042893187553
"Kutter",24850,25.07742578,0.000336417157275021
"Kutter",24852,121.5338398,0.000336417157275021
"Kutter",24860,30.32180044,0.000168208578637511
"Kutter",24885,56.36926371,0.000168208578637511
"Kutter",24937,38.76844316,0.000672834314550042
"Kutter",24939,46.3221853,0.000168208578637511
"Kutter",24941,39.58548958,0.000336417157275021
"Kutter",24943,65.25782122,0.000672834314550042
"Kutter",24944,67.47205879,0.000168208578637511
"Kutter",24960,32.52144489,0.000168208578637511
"Kutter",24975,30.08898862,0.000336417157275021
"Kutter",24986,51.76822216,0.000168208578637511
"Kutter",25335,113.0406565,0.000841042893187553
"Kutter",25336,83.02325001,0.000504625735912532
"Kutter",25337,122.7723496,0.000841042893187553
"Kutter",25348,107.774971,0.000336417157275021
"Kutter",25355,72.63749126,0.000504625735912532
"Kutter",25358,76.30285139,0.000168208578637511
"Kutter",25368,77.01666351,0.000672834314550042
"Kutter",25376,81.44521978,0.000336417157275021
"Kutter",25421,112.1244727,0.00201850294365013
"Kutter",25436,114.3797726,0.00185029436501262
"Kutter",25451,113.9870032,0.00117746005046257
"Kutter",25462,87.34710696,0.000504625735912532
"Kutter",25469,125.5862273,0.00134566862910008
"Kutter",25474,114.093507,0.00117746005046257
"Kutter",25479,97.19864796,0.000336417157275021
"Kutter",25488,132.4644929,0.000504625735912532
"Kutter",25489,93.52388234,0.000168208578637511
"Kutter",25492,91.79917739,0.000504625735912532
"Kutter",25524,91.93080209,0.00168208578637511
"Kutter",25541,195.5000805,0.000336417157275021
"Kutter",25551,82.42564063,0.00100925147182506
"Kutter",25557,61.82187128,0.000336417157275021
"Kutter",25566,121.6799465,0.000168208578637511
"Kutter",25569,76.5791228,0.000336417157275021
"Kutter",25578,97.95021235,0.000841042893187553
"Kutter",25581,49.39001309,0.000168208578637511
"Kutter",25582,60.01504824,0.000672834314550042
"Kutter",25590,49.66537791,0.000168208578637511
"Kutter",25594,72.61986791,0.000168208578637511
"Kutter",25599,128.9590833,0.000168208578637511
"Kutter",25693,72.12380958,0.000336417157275021
"Kutter",25704,65.83508074,0.000168208578637511
"Kutter",25712,78.37981356,0.000504625735912532
"Kutter",25715,73.16893423,0.000336417157275021
"Kutter",25746,77.11308968,0.000504625735912532
"Kutter",25767,65.33979843,0.000336417157275021
"Kutter",25770,76.64984913,0.000168208578637511
"Kutter",25779,70.88557688,0.000336417157275021
"Kutter",25782,72.00013729,0.000168208578637511
"Kutter",25785,73.17948422,0.00235492010092515
"Kutter",25786,56.69913127,0.000168208578637511
"Kutter",25794,59.61847704,0.000504625735912532
"Kutter",25795,76.37819632,0.000336417157275021
"Kutter",25813,75.40925792,0.00100925147182506
"Kutter",25826,80.11467825,0.000336417157275021
"Kutter",25849,152.2934424,0.000336417157275021
"Kutter",25850,51.89190796,0.000168208578637511
"Kutter",25885,65.56723896,0.000168208578637511
"Kutter",25917,64.90645601,0.000504625735912532
"Kutter",25980,190.2831649,0.000168208578637511
"Kutter",25992,183.5432153,0.000168208578637511
"Kutter",25997,111.3081394,0.000672834314550042
"Kutter",26133,245.2168313,0.000672834314550042
"Kutter",26135,241.6805634,0.000336417157275021
"Kutter",26169,221.0338719,0.000168208578637511
"Kutter",26188,256.497037,0.000168208578637511
"Kutter",26209,276.6453335,0.000672834314550042
"Kutter",26384,223.4298641,0.000168208578637511
"Kutter",26389,156.3212094,0.000168208578637511
"Kutter",26419,233.6670429,0.000336417157275021
"Kutter",26427,249.5384224,0.000168208578637511
"Kutter",26446,245.5608381,0.000168208578637511
"Kutter",26452,234.350369,0.000336417157275021
"Kutter",26506,328.7985246,0.000168208578637511
"Kutter",26655,251.4305758,0.000336417157275021
"Kutter",26689,256.8374958,0.000672834314550042
"Kutter",26736,231.5365412,0.000168208578637511
"Kutter",26802,228.513533,0.000168208578637511
"Kutter",26919,254.8067971,0.000168208578637511
"Kutter",26939,223.8631845,0.000168208578637511
"Kutter",27211,238.5506286,0.000168208578637511
"Kutter",27232,238.8474671,0.000336417157275021
"Kutter",27243,269.5359662,0.000168208578637511
"Kutter",27283,197.1886502,0.000841042893187553
"Kutter",27308,193.2847131,0.000672834314550042
"Kutter",27313,204.7960696,0.000841042893187553
"Kutter",27321,204.7936135,0.000168208578637511
"Kutter",27333,230.5183989,0.000504625735912532
"Kutter",27336,219.0444159,0.000841042893187553
"Kutter",27356,188.6318324,0.00185029436501262
"Kutter",27367,154.2437329,0.000168208578637511
"Kutter",27386,188.9053014,0.000168208578637511
"Kutter",27389,159.1574704,0.000504625735912532
"Kutter",27412,177.0664012,0.000168208578637511
"Kutter",27419,153.7165628,0.000504625735912532
"Kutter",27449,117.6611415,0.000504625735912532
"Kutter",27476,165.0093809,0.000168208578637511
"Kutter",27570,182.3670977,0.000168208578637511
"Kutter",27572,193.9955567,0.000841042893187553
"Kutter",27580,181.5790745,0.000336417157275021
"Kutter",27607,181.0847666,0.000168208578637511
"Kutter",27612,201.1988147,0.000168208578637511
"Kutter",27619,174.4713142,0.000504625735912532
"Kutter",27624,179.7928167,0.000504625735912532
"Kutter",27628,207.1773462,0.000336417157275021
"Kutter",27711,155.234754,0.000168208578637511
"Kutter",27721,212.6035364,0.000168208578637511
"Kutter",27729,191.6924065,0.000336417157275021
"Kutter",27751,225.0165693,0.00100925147182506
"Kutter",27777,208.1636978,0.000168208578637511
"Kutter",27804,227.5112391,0.000672834314550042
"Kutter",28195,203.5522236,0.000168208578637511
"Kutter",28199,220.0228835,0.000672834314550042
"Kutter",28203,203.180278,0.000168208578637511
"Kutter",28219,215.3642916,0.000504625735912532
"Kutter",28239,216.3485588,0.000336417157275021
"Kutter",28259,222.5413463,0.000504625735912532
"Kutter",28279,218.4719742,0.000168208578637511
"Kutter",28307,214.9298841,0.00134566862910008
"Kutter",28325,197.9462092,0.000504625735912532
"Kutter",28327,199.0690671,0.000168208578637511
"Kutter",28755,219.0778824,0.000336417157275021
"Kutter",28816,227.4971923,0.00151387720773759
"Kutter",28832,211.1653122,0.000672834314550042
"Kutter",28844,222.5292922,0.000336417157275021
"Kutter",28865,157.4954661,0.000168208578637511
"Kutter",28876,206.521468,0.00100925147182506
"Kutter",28879,199.5993942,0.000336417157275021
"Kutter",29221,204.6252134,0.000336417157275021
"Kutter",29225,216.3030152,0.000504625735912532
"Kutter",29303,307.9761789,0.00117746005046257
"Kutter",29308,199.9947661,0.000168208578637511
"Kutter",29320,209.5310974,0.00134566862910008
"Kutter",29328,173.9431883,0.00100925147182506
"Kutter",29339,213.0934066,0.000504625735912532
"Kutter",29342,211.8423243,0.000168208578637511
"Kutter",29351,203.7486098,0.000336417157275021
"Kutter",29362,202.5977675,0.000168208578637511
"Kutter",29364,211.2612325,0.000168208578637511
"Kutter",29378,190.8689073,0.000168208578637511
"Kutter",29410,244.6647961,0.00134566862910008
"Kutter",29416,245.9531761,0.000336417157275021
"Kutter",29439,234.59769,0.000504625735912532
"Kutter",29451,92.14683379,0.000336417157275021
"Kutter",29471,199.9541938,0.000672834314550042
"Kutter",29476,149.0891811,0.000168208578637511
"Kutter",29490,135.7384225,0.000168208578637511
"Kutter",29494,157.6446169,0.000168208578637511
"Kutter",29525,158.551004,0.00168208578637511
"Kutter",29549,146.9606401,0.000504625735912532
"Kutter",29584,142.3091896,0.000336417157275021
"Kutter",29588,152.4024345,0.000168208578637511
"Kutter",29614,181.3644522,0.00100925147182506
"Kutter",29633,165.1099299,0.000841042893187553
"Kutter",29640,159.0303364,0.00151387720773759
"Kutter",29649,173.8162079,0.000336417157275021
"Kutter",29683,194.1693344,0.000504625735912532
"Kutter",29690,195.3450874,0.000336417157275021
"Kutter",29699,183.9220078,0.000336417157275021
"Kutter",30159,350.314106,0.000672834314550042
"Kutter",30161,236.4655024,0.000168208578637511
"Kutter",30169,248.7480059,0.000504625735912532
"Kutter",30171,234.2242756,0.000168208578637511
"Kutter",30173,248.8625511,0.000168208578637511
"Kutter",30449,249.1338191,0.000168208578637511
"Kutter",30453,260.706206,0.000168208578637511
"Kutter",30455,253.3867772,0.000504625735912532
"Kutter",30457,243.231192,0.000841042893187553
"Kutter",30519,263.8428742,0.000672834314550042
"Kutter",30539,249.6097476,0.00100925147182506
"Kutter",30559,260.9436989,0.000168208578637511
"Kutter",30627,244.1316796,0.000336417157275021
"Kutter",30655,244.006418,0.000168208578637511
"Kutter",30823,255.9877754,0.000504625735912532
"Kutter",30826,220.8068074,0.000168208578637511
"Kutter",30827,233.4088024,0.000672834314550042
"Kutter",30851,241.7109646,0.000336417157275021
"Kutter",30855,249.1403339,0.000168208578637511
"Kutter",30880,253.9473037,0.00100925147182506
"Kutter",30890,266.8560629,0.000336417157275021
"Kutter",30900,229.6168402,0.000504625735912532
"Kutter",30916,226.3250035,0.000168208578637511
"Kutter",30982,359.9786998,0.000504625735912532
"Kutter",31020,294.474473,0.000168208578637511
"Kutter",31084,290.5503785,0.000336417157275021
"Kutter",31137,326.1064444,0.000841042893187553
"Kutter",31139,330.718884,0.000841042893187553
"Kutter",31171,256.5544654,0.000168208578637511
"Kutter",31275,240.0378615,0.000841042893187553
"Kutter",31303,248.3270693,0.000168208578637511
"Kutter",31319,239.3557078,0.000168208578637511
"Kutter",31515,240.1831919,0.000672834314550042
"Kutter",31535,237.3664843,0.00100925147182506
"Kutter",31558,242.9680199,0.000336417157275021
"Kutter",31582,225.3830828,0.00134566862910008
"Kutter",31600,249.6531867,0.000336417157275021
"Kutter",31604,233.5007266,0.000841042893187553
"Kutter",31655,258.3633478,0.000504625735912532
"Kutter",31717,266.5215027,0.000336417157275021
"Kutter",31737,255.3604732,0.000168208578637511
"Kutter",31749,275.5037415,0.000168208578637511
"Kutter",31785,274.812679,0.000336417157275021
"Kutter",31812,278.0428774,0.00117746005046257
"Kutter",31832,259.040199,0.000504625735912532
"Kutter",31840,282.0579656,0.000504625735912532
"Kutter",32049,298.7583991,0.000336417157275021
"Kutter",32052,274.8566866,0.000168208578637511
"Kutter",32105,302.3515746,0.000504625735912532
"Kutter",32107,311.0677249,0.000168208578637511
"Kutter",32108,306.3482696,0.000504625735912532
"Kutter",32130,309.4349277,0.000504625735912532
"Kutter",32257,302.7680166,0.000672834314550042
"Kutter",32289,270.8747607,0.000168208578637511
"Kutter",32361,283.135788,0.000672834314550042
"Kutter",32425,396.4287608,0.00100925147182506
"Kutter",32429,285.9520742,0.000841042893187553
"Kutter",32457,275.137043,0.000168208578637511
"Kutter",32469,268.5128904,0.00168208578637511
"Kutter",32545,296.1717671,0.000672834314550042
"Kutter",32547,409.5261689,0.000336417157275021
"Kutter",32549,290.9953556,0.000504625735912532
"Kutter",32584,285.3748056,0.000336417157275021
"Kutter",32657,295.2695412,0.000336417157275021
"Kutter",32683,291.192235,0.000168208578637511
"Kutter",32689,296.2468261,0.000336417157275021
"Kutter",32756,305.5734442,0.000168208578637511
"Kutter",32791,304.3415758,0.000841042893187553
"Kutter",32839,323.7756052,0.000168208578637511
"Kutter",38100,236.7368613,0.000504625735912532
"Kutter",38102,237.3428532,0.000168208578637511
"Kutter",38106,234.8774406,0.000504625735912532
"Kutter",38108,317.4359474,0.000168208578637511
"Kutter",38112,239.6788261,0.000168208578637511
"Kutter",38114,247.5432,0.000168208578637511
"Kutter",38116,270.9976304,0.000168208578637511
"Kutter",38118,273.5922354,0.000168208578637511
"Kutter",38122,248.8957102,0.000168208578637511
"Kutter",38154,242.67817,0.000841042893187553
"Kutter",38173,322.6764498,0.000168208578637511
"Kutter",38228,285.3294164,0.000672834314550042
"Kutter",38239,334.9075272,0.000504625735912532
"Kutter",38259,255.1931365,0.000504625735912532
"Kutter",38275,294.4834692,0.000504625735912532
"Kutter",38300,285.9819636,0.000841042893187553
"Kutter",38304,286.1860313,0.000504625735912532
"Kutter",38350,281.8827122,0.00201850294365013
"Kutter",38372,251.2874982,0.000336417157275021
"Kutter",38440,220.2079788,0.000672834314550042
"Kutter",38442,220.253208,0.000168208578637511
"Kutter",38446,221.8737443,0.000168208578637511
"Kutter",38448,219.7386637,0.000841042893187553
"Kutter",38468,203.2130738,0.000168208578637511
"Kutter",38486,252.043864,0.000336417157275021
"Kutter",38518,246.7069839,0.00151387720773759
"Kutter",38542,217.244097,0.000672834314550042
"Kutter",38547,257.1645612,0.000336417157275021
"Kutter",38550,216.4935599,0.000336417157275021
"Kutter",38553,226.9117441,0.000168208578637511
"Kutter",38640,298.7107697,0.000504625735912532
"Kutter",38642,287.4350893,0.000168208578637511
"Kutter",38678,298.6311553,0.000168208578637511
"Kutter",38685,275.3592857,0.000168208578637511
"Kutter",38690,307.9693848,0.000841042893187553
"Kutter",38820,280.3090739,0.000336417157275021
"Kutter",38822,221.1604311,0.000336417157275021
"Kutter",38828,287.899536,0.000168208578637511
"Kutter",38835,272.6538585,0.00100925147182506
"Kutter",38871,265.0015717,0.000672834314550042
"Kutter",38875,363.4750941,0.000336417157275021
"Kutter",38877,370.9307138,0.000504625735912532
"Kutter",38889,353.2267226,0.000672834314550042
"Kutter",39104,296.0613665,0.000336417157275021
"Kutter",39114,294.2181351,0.000336417157275021
"Kutter",39116,257.1600549,0.000168208578637511
"Kutter",39120,288.3338319,0.000504625735912532
"Kutter",39122,260.4557058,0.000336417157275021
"Kutter",39126,215.3525025,0.000168208578637511
"Kutter",39130,220.0276512,0.000336417157275021
"Kutter",39164,308.3895542,0.000504625735912532
"Kutter",39167,300.2021955,0.00100925147182506
"Kutter",39175,289.2410536,0.000504625735912532
"Kutter",39218,293.396896,0.000672834314550042
"Kutter",39221,307.3823748,0.000672834314550042
"Kutter",39240,313.3402187,0.000841042893187553
"Kutter",39249,296.1757238,0.00117746005046257
"Kutter",39261,299.3489917,0.000336417157275021
"Kutter",39291,211.6050912,0.000168208578637511
"Kutter",39307,254.9956991,0.000168208578637511
"Kutter",39326,253.976158,0.000336417157275021
"Kutter",39340,230.963463,0.000168208578637511
"Kutter",39343,242.8538706,0.000336417157275021
"Kutter",39356,210.4101102,0.000168208578637511
"Kutter",39444,287.3567086,0.000336417157275021
"Kutter",39524,204.687102,0.000504625735912532
"Kutter",39539,126.9877627,0.000504625735912532
"Kutter",39576,204.7165805,0.00117746005046257
"Kutter",39579,204.9606427,0.000504625735912532
"Kutter",39590,171.6038557,0.000504625735912532
"Kutter",39596,196.4318327,0.000504625735912532
"Kutter",39606,149.2792996,0.000336417157275021
"Kutter",39619,168.7821388,0.000168208578637511
"Kutter",39624,189.1972651,0.000336417157275021
"Kutter",39629,201.9379196,0.000672834314550042
"Kutter",39638,212.7212023,0.00134566862910008
"Kutter",49074,304.4104246,0.000672834314550042
"Kutter",49080,292.5251726,0.000168208578637511
"Kutter",49082,303.1867479,0.000168208578637511
"Kutter",49088,287.9556907,0.000168208578637511
"Kutter",49090,302.9037387,0.00100925147182506
"Kutter",49163,283.0772911,0.000672834314550042
"Kutter",49170,288.1588699,0.000336417157275021
"Kutter",49356,275.8383007,0.000841042893187553
"Kutter",49401,246.8392546,0.000672834314550042
"Kutter",49477,333.0820339,0.00117746005046257
"Kutter",49525,323.0870161,0.000168208578637511
"Kutter",49586,290.7499187,0.000168208578637511
"Kutter",49593,285.6597017,0.000672834314550042
"Kutter",49594,290.4854981,0.000336417157275021
"Kutter",49661,268.5992811,0.000336417157275021
"Kutter",49696,278.6830313,0.000336417157275021
"Kutter",49716,322.4861267,0.000336417157275021
"Kutter",49740,314.9404885,0.000504625735912532
"Kutter",49751,244.7919751,0.000504625735912532
"Kutter",49809,333.24255,0.000168208578637511
"Kutter",49828,334.7628449,0.000168208578637511
"Land",10119,219.0699734,0.000336417157275021
"Land",10178,211.9524684,0.000168208578637511
"Land",10247,218.4519101,0.000168208578637511
"Land",10249,212.8304179,0.000168208578637511
"Land",10319,219.4070687,0.000504625735912532
"Land",10437,211.1818034,0.000336417157275021
"Land",10629,210.392081,0.000168208578637511
"Land",12053,219.638592,0.000168208578637511
"Land",12157,265.3681945,0.000168208578637511
"Land",12247,367.8245658,0.000168208578637511
"Land",12351,237.845286,0.000168208578637511
"Land",13053,215.477114,0.000168208578637511
"Land",13089,211.0697052,0.000168208578637511
"Land",13127,205.6576565,0.000168208578637511
"Land",13505,201.1201033,0.000168208578637511
"Land",14055,203.7030065,0.000168208578637511
"Land",14059,208.9374424,0.000168208578637511
"Land",14165,218.8871541,0.000168208578637511
"Land",14167,219.2536743,0.000168208578637511
"Land",14193,206.1332188,0.000336417157275021
"Land",14467,255.4150705,0.000336417157275021
"Land",14469,209.0719465,0.000336417157275021
"Land",14471,214.8517486,0.000336417157275021
"Land",14480,217.8466624,0.000336417157275021
"Land",14482,215.1205387,0.000504625735912532
"Land",14641,204.2753314,0.000168208578637511
"Land",14715,175.9889531,0.000504625735912532
"Land",14770,297.7119017,0.000336417157275021
"Land",14772,193.3766432,0.000672834314550042
"Land",14774,198.2881764,0.000168208578637511
"Land",14776,250.7138122,0.000168208578637511
"Land",15746,250.6957326,0.000336417157275021
"Land",15907,286.0400958,0.000672834314550042
"Land",16259,214.6665057,0.000504625735912532
"Land",16278,192.4046082,0.000168208578637511
"Land",16321,205.5446977,0.000168208578637511
"Land",16356,210.8300347,0.000336417157275021
"Land",16928,193.3783887,0.000336417157275021
"Land",17039,117.6763044,0.000336417157275021
"Land",17109,64.32944393,0.000168208578637511
"Land",17159,57.31874636,0.000168208578637511
"Land",17168,60.28066019,0.000168208578637511
"Land",17192,80.32202844,0.000336417157275021
"Land",17207,97.93895226,0.000336417157275021
"Land",17213,85.23571351,0.000168208578637511
"Land",17259,122.5852435,0.000168208578637511
"Land",17279,162.1031912,0.000672834314550042
"Land",17373,165.7763064,0.000504625735912532
"Land",17491,55.57856104,0.000168208578637511
"Land",17495,77.53427321,0.000168208578637511
"Land",18055,19.6063168,0.000336417157275021
"Land",18059,9.139344535,0.000168208578637511
"Land",18069,35.6308935,0.000672834314550042
"Land",18107,27.57057593,0.00151387720773759
"Land",18109,33.46693483,0.000504625735912532
"Land",18119,14.82798304,0.000336417157275021
"Land",18146,12.51559266,0.000504625735912532
"Land",18147,30.12285359,0.000841042893187553
"Land",18182,20.40948919,0.000336417157275021
"Land",18195,36.71258183,0.000504625735912532
"Land",18196,32.3456572,0.000504625735912532
"Land",18198,18.5683655,0.000336417157275021
"Land",18209,18.3400251,0.00185029436501262
"Land",18211,9.587345525,0.000168208578637511
"Land",18225,5.170329457,0.000672834314550042
"Land",18230,13.99650561,0.00201850294365013
"Land",18233,11.18658289,0.000168208578637511
"Land",18236,14.62790884,0.000841042893187553
"Land",18246,64.00630535,0.000336417157275021
"Land",18273,66.25177338,0.00723296888141295
"Land",18276,68.89691392,0.00185029436501262
"Land",18292,60.79559654,0.000504625735912532
"Land",18311,72.6125036,0.00151387720773759
"Land",18314,55.66127903,0.000168208578637511
"Land",18337,50.3535036,0.000168208578637511
"Land",18347,8.293246295,0.000841042893187553
"Land",18356,19.02630269,0.000672834314550042
"Land",18374,9.979701461,0.000672834314550042
"Land",18375,12.5609424,0.000504625735912532
"Land",18435,40.13069624,0.000168208578637511
"Land",18437,43.50983905,0.000672834314550042
"Land",18445,38.9928655,0.000336417157275021
"Land",18465,70.236545,0.000168208578637511
"Land",18507,65.15603065,0.000336417157275021
"Land",18528,28.01656347,0.000504625735912532
"Land",18546,26.99791146,0.000504625735912532
"Land",18551,5.297620836,0.000168208578637511
"Land",18556,5.08616384,0.000504625735912532
"Land",18569,20.04798981,0.000504625735912532
"Land",18573,34.4209633,0.000336417157275021
"Land",18574,41.50682044,0.000168208578637511
"Land",18586,44.47541525,0.000336417157275021
"Land",19059,70.05744427,0.000841042893187553
"Land",19063,72.55552196,0.000336417157275021
"Land",19065,54.95615678,0.000336417157275021
"Land",19089,63.93803633,0.000336417157275021
"Land",19230,110.2748632,0.000168208578637511
"Land",19273,105.8489507,0.000168208578637511
"Land",19288,100.7456871,0.000504625735912532
"Land",19306,78.77049962,0.000336417157275021
"Land",19336,132.5736348,0.000336417157275021
"Land",19357,141.6227123,0.000168208578637511
"Land",19412,43.38882942,0.000336417157275021
"Land",20095,100.2209579,0.000168208578637511
"Land",20144,130.8534442,0.000168208578637511
"Land",20148,98.66229804,0.000168208578637511
"Land",20149,129.6815362,0.000168208578637511
"Land",20359,113.2319796,0.000168208578637511
"Land",20537,95.2309906,0.000336417157275021
"Land",21029,113.1976842,0.000336417157275021
"Land",21037,123.934412,0.000672834314550042
"Land",21039,124.7187879,0.000336417157275021
"Land",21079,122.3076927,0.000168208578637511
"Land",21109,134.9401744,0.000672834314550042
"Land",21217,140.691472,0.000168208578637511
"Land",21218,135.7074662,0.000336417157275021
"Land",21337,149.6778074,0.000168208578637511
"Land",21339,146.8743276,0.000336417157275021
"Land",21376,146.7202041,0.000168208578637511
"Land",21423,118.6683809,0.000336417157275021
"Land",21493,92.73020186,0.000336417157275021
"Land",21514,117.3723906,0.000504625735912532
"Land",22081,119.3057942,0.000672834314550042
"Land",22111,112.4057174,0.000504625735912532
"Land",22117,120.3232982,0.000672834314550042
"Land",22143,86.3243274,0.00134566862910008
"Land",22145,87.44086583,0.000336417157275021
"Land",22159,109.5288267,0.000168208578637511
"Land",22177,111.9908795,0.000168208578637511
"Land",22301,108.6917607,0.000168208578637511
"Land",22339,105.71835,0.000168208578637511
"Land",22391,98.20709829,0.000168208578637511
"Land",22419,94.07242772,0.000168208578637511
"Land",22457,125.6457609,0.000672834314550042
"Land",22587,140.1069132,0.000168208578637511
"Land",22844,114.2758269,0.000168208578637511
"Land",22941,78.00702487,0.000336417157275021
"Land",22946,81.52167387,0.000336417157275021
"Land",22949,82.83020922,0.000168208578637511
"Land",22952,101.8829922,0.000168208578637511
"Land",23552,106.3541053,0.00235492010092515
"Land",23558,67.59188778,0.000841042893187553
"Land",23562,19.64831648,0.000336417157275021
"Land",23569,50.87892534,0.000504625735912532
"Land",23627,53.70864071,0.000168208578637511
"Land",23683,75.51714325,0.00185029436501262
"Land",23684,50.49036631,0.000841042893187553
"Land",23701,44.39723285,0.000841042893187553
"Land",23714,40.15487508,0.000336417157275021
"Land",23730,23.23212094,0.000504625735912532
"Land",23738,13.32108369,0.000336417157275021
"Land",23769,12.632369,0.00185029436501262
"Land",23774,15.84983268,0.000504625735912532
"Land",23777,8.933508533,0.000168208578637511
"Land",23795,67.93989237,0.00117746005046257
"Land",23812,56.32923043,0.000336417157275021
"Land",23843,82.71184916,0.000336417157275021
"Land",23847,63.99914427,0.000336417157275021
"Land",23879,85.36128083,0.000841042893187553
"Land",23883,86.01719234,0.000168208578637511
"Land",23898,83.68831695,0.000336417157275021
"Land",23909,85.91325622,0.000504625735912532
"Land",23936,40.14749332,0.000168208578637511
"Land",23946,0.43176604,0.000168208578637511
"Land",23966,33.24270905,0.000841042893187553
"Land",23968,36.69133529,0.000504625735912532
"Land",23972,30.25752718,0.000336417157275021
"Land",24103,27.65131359,0.000672834314550042
"Land",24105,28.75747348,0.00134566862910008
"Land",24106,25.97066832,0.00185029436501262
"Land",24107,21.93914013,0.000336417157275021
"Land",24109,45.4199814,0.00403700588730025
"Land",24113,20.4145286,0.000504625735912532
"Land",24114,27.13749615,0.000168208578637511
"Land",24118,13.95342956,0.000168208578637511
"Land",24143,5.665472242,0.00117746005046257
"Land",24145,23.15362071,0.000168208578637511
"Land",24148,4.198658678,0.000168208578637511
"Land",24149,27.1054337,0.00134566862910008
"Land",24159,39.57822167,0.00252312867956266
"Land",24161,19.12969462,0.000336417157275021
"Land",24211,22.6595932,0.000841042893187553
"Land",24214,28.53237565,0.00134566862910008
"Land",24217,5.050412605,0.000841042893187553
"Land",24229,17.44722394,0.000841042893187553
"Land",24232,13.24122897,0.000504625735912532
"Land",24242,33.08853076,0.000168208578637511
"Land",24244,37.39079596,0.000168208578637511
"Land",24253,9.370714249,0.000336417157275021
"Land",24306,37.37527338,0.00386879730866274
"Land",24321,8.932530416,0.00218671152228764
"Land",24326,33.45530651,0.000168208578637511
"Land",24327,16.06602597,0.000168208578637511
"Land",24340,31.35569813,0.00571909167367536
"Land",24354,54.15666494,0.000336417157275021
"Land",24367,21.75501926,0.000168208578637511
"Land",24369,12.23359082,0.000336417157275021
"Land",24376,17.44899207,0.00386879730866274
"Land",24392,17.87577175,0.00117746005046257
"Land",24398,24.00915347,0.000504625735912532
"Land",24401,22.88691569,0.000168208578637511
"Land",24407,16.80708815,0.000336417157275021
"Land",24536,42.94806138,0.000504625735912532
"Land",24537,47.09099115,0.000504625735912532
"Land",24539,49.28199165,0.000336417157275021
"Land",24558,101.2158776,0.000336417157275021
"Land",24568,75.93490167,0.000336417157275021
"Land",24582,34.21271214,0.000504625735912532
"Land",24610,44.04858323,0.000168208578637511
"Land",24625,40.0271305,0.000672834314550042
"Land",24634,54.37087526,0.000168208578637511
"Land",24647,51.25481386,0.000168208578637511
"Land",24768,56.70589777,0.00168208578637511
"Land",24796,35.28142799,0.000168208578637511
"Land",24805,62.86839149,0.000504625735912532
"Land",24837,33.00565798,0.00100925147182506
"Land",24850,40.53010193,0.000336417157275021
"Land",24881,29.14697371,0.000168208578637511
"Land",24937,42.31440403,0.00437342304457527
"Land",24939,37.21585187,0.000336417157275021
"Land",24941,23.78858922,0.000504625735912532
"Land",24960,29.31316885,0.000672834314550042
"Land",24975,8.965848994,0.000168208578637511
"Land",24986,16.13984151,0.000168208578637511
"Land",25335,93.99410534,0.000168208578637511
"Land",25355,86.27420939,0.000168208578637511
"Land",25358,105.2598991,0.000168208578637511
"Land",25368,95.774344,0.000504625735912532
"Land",25421,254.5263165,0.00100925147182506
"Land",25479,101.6830992,0.000168208578637511
"Land",25524,78.2756184,0.000168208578637511
"Land",25541,127.3387696,0.000168208578637511
"Land",25569,114.7750619,0.000504625735912532
"Land",25590,58.19253245,0.000168208578637511
"Land",25704,90.53508231,0.000336417157275021
"Land",25746,84.91852212,0.00134566862910008
"Land",25761,91.80999326,0.000336417157275021
"Land",25779,64.80169748,0.000168208578637511
"Land",25782,58.15088853,0.000336417157275021
"Land",25813,65.71826026,0.000336417157275021
"Land",25917,67.30861104,0.000336417157275021
"Land",26121,237.363468,0.000672834314550042
"Land",26127,198.7804292,0.000168208578637511
"Land",26135,236.3962575,0.000168208578637511
"Land",26842,281.5870011,0.000168208578637511
"Land",26919,195.4890621,0.000168208578637511
"Land",27356,162.0303491,0.000168208578637511
"Land",27432,177.8790725,0.000336417157275021
"Land",28219,220.0799783,0.000168208578637511
"Land",28279,201.2607621,0.000168208578637511
"Land",28870,256.8263379,0.000168208578637511
"Land",29410,185.3614258,0.000336417157275021
"Land",29475,126.4962148,0.000168208578637511
"Land",29525,143.6935999,0.000168208578637511
"Land",29614,158.4964496,0.000336417157275021
"Land",29643,159.1382615,0.000168208578637511
"Land",29664,206.2795322,0.000168208578637511
"Land",30159,271.0370154,0.000504625735912532
"Land",30655,259.6832251,0.000168208578637511
"Land",30659,237.5679603,0.000168208578637511
"Land",31008,280.9111986,0.000168208578637511
"Land",31028,281.4127902,0.000336417157275021
"Land",31228,249.3700595,0.000504625735912532
"Land",31515,257.3553231,0.000336417157275021
"Land",31860,303.7989045,0.000168208578637511
"Land",32049,292.8560498,0.000168208578637511
"Land",32130,287.6918565,0.000336417157275021
"Land",32602,301.1276689,0.000168208578637511
"Land",32756,293.5105733,0.000336417157275021
"Land",38110,218.1465269,0.000168208578637511
"Land",38124,231.0927686,0.000168208578637511
"Land",38226,232.5276878,0.000504625735912532
"Land",38228,244.6537409,0.000168208578637511
"Land",38440,223.6073899,0.000336417157275021
"Land",38822,229.6788926,0.000504625735912532
"Land",38855,314.5789101,0.000168208578637511
"Land",38889,318.6937113,0.000168208578637511
"Land",49074,308.3850189,0.000168208578637511
"Land",49757,295.2051359,0.000168208578637511
